gameId,title,genres
440,Team Fortress 2,Action|Free to Play
268420,Aura Kingdom,Adventure|Casual|Free to Play|Massively Multiplayer|RPG
630,Alien Swarm,Action
237990,The Banner Saga,Indie|RPG|Strategy
339280,Strife,Action|Free to Play|RPG|Strategy
241600,Rogue Legacy,Action|Adventure|Indie|RPG
113200,The Binding of Isaac,Action|Adventure|Indie|RPG
550,Left 4 Dead 2,Action
238320,Outlast,Action|Adventure|Indie
249650,Blackguards,Indie|RPG|Strategy
570,Dota 2,Action|Free to Play|Strategy
292140,FINAL FANTASY XIII-2,RPG
243800,Gas Guzzlers Extreme,Action|Racing|Sports
620,Portal 2,Action|Adventure
291480,Warface,Action|Free to Play|Massively Multiplayer
343630,CroNix,Action|Casual|Free to Play|Strategy
230410,Warframe,Action|Free to Play
72850,The Elder Scrolls V Skyrim,RPG
224600,Defiance,Action|Free to Play|Massively Multiplayer|RPG
221100,DayZ,Action|Adventure|Massively Multiplayer
307090,Fancy Skulls,Action|Indie|Early Access
219890,Antichamber,Adventure|Indie
304930,Unturned,Action|Adventure|Casual|Free to Play|Indie
236430,DARK SOULS II,Action|RPG
235340,Prime World,Action|Free to Play|Massively Multiplayer|RPG
24240,PAYDAY The Heist,Action
10180,Call of Duty Modern Warfare 2,Action
218620,PAYDAY 2,Action|RPG
265380,Grimind,Action|Adventure|Indie
4000,Garry's Mod,Indie|Simulation
291650,Pillars of Eternity,RPG
8930,Sid Meier's Civilization V,Strategy
24200,DC Universe Online,Action|Adventure|Free to Play|Massively Multiplayer|RPG
304050,Trove,Action|Adventure|Casual|Free to Play|Massively Multiplayer|RPG
346900,AdVenture Capitalist,Casual|Free to Play|Indie
231160,The Swapper,Action|Adventure|Indie
333930,Dirty Bomb,Action|Free to Play
33900,Arma 2,Action|Simulation|Strategy
218230,PlanetSide 2,Action|Free to Play|Massively Multiplayer
12220,Grand Theft Auto Episodes from Liberty City,Action
12790,Damnation,Action|Adventure
49600,Beat Hazard,Action|Casual|Indie
20,Team Fortress Classic,Action
33930,Arma 2 Operation Arrowhead,Action|Simulation|Strategy
20920,The Witcher 2 Assassins of Kings Enhanced Edition,RPG
214420,Gear Up,Action|Free to Play|Indie
105600,Terraria,Action|Adventure|Indie|RPG
205730,Insanely Twisted Shadow Planet,Action|Adventure|Indie
244850,Space Engineers,Action|Indie|Simulation|Strategy
400,Portal,Action
300380,Road Redemption,Action|Adventure|Indie|Racing|Simulation
240,Counter-Strike Source,Action
218640,Lucius,Violent|Gore|Action|Adventure|Indie
22380,Fallout New Vegas,Action|RPG
22300,Fallout 3,RPG
8870,BioShock Infinite,Action
202750,Alan Wake's American Nightmare,Action|Adventure
252490,Rust,Action|Adventure|Indie|Massively Multiplayer|RPG
9340,Company of Heroes Opposing Fronts,Action|Strategy
313480,Blitzkrieg Anthology,Strategy
420,Half-Life 2 Episode Two,Action
115100,Costume Quest,Adventure|Casual|RPG
209160,Call of Duty Ghosts,Action
109600,Neverwinter,Adventure|Free to Play|Massively Multiplayer|RPG
80,Counter-Strike Condition Zero,Action
22230,Rock of Ages,Action|Indie|Racing|Strategy
207930,Sacred Citadel,Action
24740,Burnout Paradise The Ultimate Box,Racing
238960,Path of Exile,Action|Adventure|Free to Play|Indie|Massively Multiplayer|RPG
273110,Counter-Strike Nexon Zombies,Action|Casual|Free to Play|Massively Multiplayer
15120,Tom Clancy's Rainbow Six Vegas 2,Action
17300,Crysis,Action
4770,Rome Total War - Alexander,Strategy
224260,No More Room in Hell,Action|Free to Play|Indie
208500,F1 2012,Racing|Simulation|Sports
70000,Dino D-Day,Action|Indie
108600,Project Zomboid,Indie|RPG|Simulation|Early Access
212680,FTL Faster Than Light,Indie|Simulation|Strategy
236390,War Thunder,Action|Free to Play|Massively Multiplayer|Simulation
206190,Gunpoint,Action|Indie|Strategy
265630,Fistful of Frags,Action|Free to Play|Indie
271590,Grand Theft Auto V,Action|Adventure
242760,The Forest,Action|Adventure|Indie|Simulation
203290,America's Army Proving Grounds,Action|Free to Play
255710,Cities Skylines,Simulation|Strategy
241410,CastleStorm,Action|Indie|Strategy
313160,Farming Simulator 15,Simulation
204180,Waveform,Adventure|Indie|Strategy
63710,BIT.TRIP RUNNER,Action|Indie
13240,Unreal Tournament Game of the Year Edition,Action
259080,Just Cause 2 Multiplayer Mod,Action|Adventure
99900,Spiral Knights,Action|Adventure|Casual|Free to Play|Indie|Massively Multiplayer|RPG
331120,Passing Pineview Forest,Action|Adventure|Indie
4920,Natural Selection 2,Action|Indie|Strategy
220780,Thomas Was Alone,Indie
22350,BRINK,Action|Free to Play
38720,RUSH,Casual|Indie|Strategy
844040,RUSH,Action|Racing|Simulation|Sports
264710,Subnautica,Adventure|Indie
130,Half-Life Blue Shift,Action
211400,Deadlight,Action|Adventure|Indie
42700,Call of Duty Black Ops,Action
10,Counter-Strike,Action
219150,Hotline Miami,Action|Indie
238460,BattleBlock Theater,Action|Adventure|Casual|Indie
17080,Tribes Ascend,Action|Free to Play
391460,WARMODE,Action|Free to Play|Early Access
214950,Total War ROME II - Emperor Edition,Strategy
248570,Toribash,Action|Free to Play|Indie|Strategy
207420,Wizorb,Action|Adventure|Indie
346010,Besiege,Indie|Simulation|Early Access
282070,This War of Mine,Adventure|Indie|Simulation
218680,Scribblenauts Unlimited,Adventure|Casual|Strategy
34870,Sniper Ghost Warrior 2,Action
9200,RAGE,Action
204100,Max Payne 3,Action
289130,Endless Legend,RPG|Strategy
203770,Crusader Kings II,RPG|Simulation|Strategy
91700,E.Y.E Divine Cybermancy,Action|Indie|RPG
47780,Dead Space 2,Action
38740,EDGE,Action|Indie
239070,Hammerwatch,Action|Adventure|Indie|RPG
214770,Guacamelee! Gold Edition,Action|Adventure|Indie
365450,Hacknet,Indie|Simulation
222880,Insurgency,Action|Indie|Strategy
324080,Rising World,Action|Adventure|Indie|RPG|Early Access
218060,BIT.TRIP Presents... Runner2 Future Legend of Rhythm Alien,Action|Indie
295550,Royal Quest,Free to Play|Massively Multiplayer|RPG
383080,Sakura Clicker,Sexual Content|Nudity|Casual|Free to Play|Indie
12120,Grand Theft Auto San Andreas,Action
237930,Transistor,Action|Indie|RPG
293740,Road Not Taken,Indie
316010,Magic Duels,Free to Play|Strategy
110800,L.A. Noire,Adventure|Strategy
300,Day of Defeat Source,Action
50130,Mafia II,Action
200210,Realm of the Mad God,Action|Free to Play|Indie|Massively Multiplayer|RPG
1250,Killing Floor,Action
260430,The Four Kings Casino and Slots,Casual|Free to Play|Massively Multiplayer|Simulation
3830,Psychonauts,Action
212070,Star Conflict,Action|Free to Play|Massively Multiplayer|Simulation
235460,METAL GEAR RISING REVENGEANCE,Action
45300,Wings of Prey,Simulation
48000,LIMBO,Adventure|Indie
40970,Stronghold Crusader HD,Simulation|Strategy
8500,EVE Online,Action|Free to Play|Massively Multiplayer|RPG|Strategy
236110,Dungeon Defenders II,Action|Free to Play|Indie|RPG|Strategy
233450,Prison Architect,Indie|Simulation|Strategy
205610,Port Royale 3,Action|Simulation|Strategy
70,Half-Life,Action
346110,ARK Survival Evolved,Action|Adventure|Indie|Massively Multiplayer|RPG
380600,Fishing Planet,Free to Play|Massively Multiplayer|Simulation|Sports
341800,Keep Talking and Nobody Explodes,Indie
200710,Torchlight II,Action|Adventure|Indie|RPG
17450,Dragon Age Origins,RPG
261640,Borderlands The Pre-Sequel,Action|RPG
57300,Amnesia The Dark Descent,Action|Adventure|Indie
6830,Commandos 2 Men of Courage,Action
94400,Nidhogg,Action|Indie|Sports
232090,Killing Floor 2,Action
206420,Saints Row IV,Action|Adventure
108200,Ticket to Ride,Casual|Indie|Strategy
65800,Dungeon Defenders,Action|Indie|RPG|Strategy
232430,Gone Home,Adventure|Indie
391540,Undertale,Indie|RPG
377160,Fallout 4,RPG
223710,Cry of Fear,Action|Adventure|Indie
333950,Medieval Engineers,Action|Indie|Simulation|Strategy|Early Access
298260,Only If,Adventure|Free to Play|Indie
211820,Starbound,Action|Adventure|Casual|Indie|RPG
220240,Far Cry 3,Action|Adventure
263060,Blockstorm,Action|Indie
94200,Jamestown,Action|Indie
246420,Kingdom Rush,Action|Indie|Strategy
201570,Really Big Sky,Action|Indie
269210,Hero Siege,Action|Adventure|Indie|Massively Multiplayer|RPG
210770,Sanctum 2,Action|Indie|Strategy
2810,X3 Reunion,Strategy
40,Deathmatch Classic,Action
6840,Commandos 3 Destination Berlin,Action
39800,Nation Red,Action|Indie
316790,Grim Fandango Remastered,Adventure
251990,Long Live The Queen,Indie|RPG|Simulation|Strategy
9050,DOOM 3,Action
203140,Hitman Absolution,Action
12100,Grand Theft Auto III,Action
1840,Source Filmmaker,Animation & Modeling|Video Production
39000,Moonbase Alpha,Adventure|Simulation|Strategy
214250,I Am Alive,Action|Adventure
344760,Reign Of Kings,Action|Adventure|Indie|RPG|Simulation
409510,Genesis Online,Action|Free to Play
42910,Magicka,Action|RPG
9480,Saints Row 2,Action
221040,Resident Evil 6 / Biohazard 6,Action|Adventure
212160,Vindictus,Action|Adventure|Free to Play|Massively Multiplayer|RPG
35460,The Ball,Action|Adventure|Indie
201810,Wolfenstein The New Order,Action
301540,Rhythm Destruction,Action|Casual|Indie
386360,SMITE,Action|Free to Play
221910,The Stanley Parable,Adventure|Indie
302830,BLOCKADE 3D,Action|Free to Play|Early Access
202970,Call of Duty Black Ops II,Action
292380,Racer 8,Casual|Racing
34600,Order of War,Strategy
39140,FINAL FANTASY VII,RPG
3900,Sid Meier's Civilization IV,Strategy
24960,Battlefield Bad Company 2,Action
329490,Phantom Breaker Battle Grounds,Action
274170,Hotline Miami 2 Wrong Number,Action|Indie
16450,F.E.A.R. 2 Project Origin,Action
204060,Superbrothers Sword & Sworcery EP,Adventure|Indie
18500,Defense Grid The Awakening,Indie|Strategy
39150,FINAL FANTASY VIII,RPG
7600,Sid Meier's Railroads!,Strategy
335330,Brick-Force,Action|Free to Play
2600,Vampire The Masquerade - Bloodlines,Action
239820,Game Dev Tycoon,Casual|Indie|Simulation|Strategy
258010,Ring Runner Flight of the Sages,Action|Indie|RPG
3730,Aliens versus Predator Classic 2000,Action
214490,Alien Isolation,Action
70300,VVVVVV,Action|Indie
204880,Sins of a Solar Empire Rebellion,Indie|Strategy
49900,Plain Sight,Action|Indie
102840,Shank 2,Action|Adventure|Indie
24670,Trainz Simulator 12,Simulation
263540,Villagers and Heroes,Free to Play|Indie|Massively Multiplayer|RPG
90200,Farming Simulator 2011,Simulation
293540,Guns and Robots,Action|Free to Play|Indie|Massively Multiplayer|RPG
29800,Caster,Action|Adventure|Casual|Indie|RPG|Strategy
274190,Broforce,Action|Adventure|Casual|Indie
266840,Age of Mythology Extended Edition,Simulation|Strategy
242640,Styx Master of Shadows,Action
298630,The Escapists,Action|Adventure|Indie|Simulation|Strategy
47410,Stronghold Kingdoms,Free to Play|Massively Multiplayer|Strategy
212500,The Lord of the Rings Online,Free to Play|Massively Multiplayer|RPG
207080,Indie Game The game,Indie
70100,Hacker Evolution,Simulation
248800,Dysfunctional Systems Learning to Manage Chaos,Adventure|Casual|Indie|RPG
219680,Proteus,Adventure|Casual|Indie
281220,BloodRayne Betrayal,Action
6510,Lost Planet Extreme Condition,Action|Adventure
26900,Crayon Physics Deluxe,Casual|Indie
21980,Call of Juarez Bound in Blood,Action
203160,Tomb Raider,Action|Adventure
12110,Grand Theft Auto Vice City,Action
244690,Face Noir,Adventure|Indie
249050,Dungeon of the Endless,Adventure|Indie|RPG|Strategy
236690,Blood Bowl 2,Sports|Strategy
328600,Frozen Synapse Prime,Strategy
360740,Downwell,Action|Adventure|Indie
234190,Receiver,Action|Indie|Simulation
223510,Miasmata,Action|Adventure|Indie
10090,Call of Duty World at War,Action
47810,Dragon Age Origins - Ultimate Edition,RPG
258520,The Vanishing of Ethan Carter,Adventure|Indie
233840,Worms Clan Wars,Strategy
40100,Supreme Commander 2,Strategy
65930,The Bureau XCOM Declassified,Action
256290,Child of Light,RPG
317470,Cubic Castles,Action|Adventure|Casual|Free to Play|Indie|Massively Multiplayer
283290,Nosferatu The Wrath of Malachi,Action|Adventure
205910,Tiny and Big Grandpa's Leftovers,Indie
8400,Geometry Wars Retro Evolved,Casual
98200,Frozen Synapse,Indie|Strategy
107200,Space Pirates and Zombies,Action|Indie|RPG|Strategy
24980,Mass Effect 2,RPG
333600,NEKOPARA Vol. 1,Sexual Content|Nudity|Casual|Indie
63200,Monday Night Combat,Action|Strategy|Indie|Sports
287700,METAL GEAR SOLID V THE PHANTOM PAIN,Action|Adventure
346120,Boring Man - Online Tactical Stickman Combat,Action|Free to Play|Indie|Massively Multiplayer
252910,Skyscraper Simulator,Simulation
265890,Hexcells,Casual|Indie|Strategy
201870,Assassin's Creed Revelations,Action|Adventure
251060,Wargame Red Dragon,Strategy
215530,The Incredible Adventures of Van Helsing,Action|Adventure|Indie|RPG
347160,Steredenn,Action|Indie
58610,Wargame European Escalation,Strategy
22000,World of Goo,Indie
272510,NARUTO SHIPPUDEN Ultimate Ninja STORM Revolution,Action|Adventure
97100,Section 8 Prejudice,Action
287390,Metro Last Light Redux,Action
104900,ORION Prelude,Action|Adventure|Indie|RPG
267920,Gun Metal,Action
268750,Magicite,Action|Adventure|Indie|RPG
243950,Divinity Dragon Commander,Action|RPG|Strategy
274920,FaceRig,Animation & Modeling|Video Production
345350,LIGHTNING RETURNS FINAL FANTASY XIII,RPG
355840,Survarium,Action|Free to Play|Massively Multiplayer|RPG|Early Access
16720,Velvet Assassin,Action
305620,The Long Dark,Adventure|Indie|Simulation|Strategy
332310,LEGO Worlds,Adventure
203630,Warlock - Master of the Arcane,Strategy
316080,Parcel,Adventure|Indie|Strategy
375510,New kind of adventure,Adventure|Indie|RPG|Early Access
245620,Tropico 5,RPG|Simulation|Strategy
252030,Valdis Story Abyssal City,Action|Indie|RPG
312990,The Expendabros,Action|Adventure|Free to Play|Indie
353360,how do you Do It?,Free to Play|Indie
208650,Batman Arkham Knight,Action|Adventure
63940,Men of War Vietnam,Strategy
227200,Waking Mars,Action|Adventure|Indie
232790,Broken Age,Adventure|Casual|Indie
250320,The Wolf Among Us,Adventure
41100,Hammerfight,Action|Indie
280,Half-Life Source,Action
290790,Grey Goo,Strategy
233740,Organ Trail Director's Cut,Indie|Strategy
247240,Volgarr the Viking,Action|Adventure|Indie
35130,Lara Croft and the Guardian of Light,Action|Adventure
2200,Quake III Arena,Action
214790,The Basement Collection,Adventure|Indie|Strategy
305260,Battle Islands,Free to Play|Simulation|Strategy
290340,Armello,Adventure|Indie|RPG|Strategy
253030,Race The Sun,Action|Indie|Racing
232750,Mars War Logs,Action|RPG
385770,Time Clickers,Action|Casual|Free to Play|Indie
22200,Zeno Clash,Action|Indie
376870,Minecraft Story Mode - A Telltale Games Series,Adventure
287200,Wildlife Park 3,Casual|Indie|Simulation|Strategy
234650,Shadowrun Returns,Adventure|Indie|RPG|Strategy
8600,RACE 07,Racing
205950,Jet Set Radio,Action
262410,World of Guns Gun Disassembly,Free to Play|Indie|Simulation
41300,Altitude,Action|Free to Play|Indie
338050,Anoxemia,Adventure|Casual|Indie
65980,Sid Meier's Civilization Beyond Earth,Strategy
263760,Turbo Dismount,Action|Indie|Simulation
70600,Worms Ultimate Mayhem,Strategy
270850,Car Mechanic Simulator 2014,Simulation
398840,War of Beach,Action|Free to Play|Simulation|Strategy
357650,Project Explore,Action|Adventure|Casual|Indie|Simulation
359800,Copa Petrobras de Marcas,Free to Play|Racing|Simulation|Sports
236370,Interstellar Marines,Action|Indie|RPG|Simulation|Early Access
244430,realMyst Masterpiece Edition,Adventure|Indie
251470,TowerFall Ascension,Action|Indie
318310,Choice of the Deathless,Indie|RPG
99300,Renegade Ops,Action
220440,DmC Devil May Cry,Action|Adventure
312610,METAL SLUG X,Action
254700,resident evil 4 / biohazard 4,Action|Adventure
202200,Galactic Civilizations II Ultimate Edition,Indie|Strategy
55100,Homefront,Action
115110,Stacking,Adventure|Indie
9420,Supreme Commander Forged Alliance,Strategy
296470,Mount Your Friends,Indie|Simulation|Sports
317360,Double Action Boogaloo,Action|Free to Play|Indie
311340,METAL GEAR SOLID V GROUND ZEROES,Action|Adventure
20540,Company of Heroes Tales of Valor,Strategy
860270,Requiem,Action|Massively Multiplayer|RPG|Early Access
58550,A Game of Thrones - Genesis,Strategy
108500,Vessel,Action|Indie|Strategy
310370,The Way of Life Free Edition,Free to Play|Indie
226860,Galactic Civilizations III,Indie|Strategy
391720,Layers of Fear,Adventure|Indie
107100,Bastion,Action|Indie|RPG
244930,SNOW,Free to Play|Indie|Simulation|Sports
275670,Space Run,Indie|Strategy
17710,Nuclear Dawn,Action|Strategy
39190,Dungeon Siege,RPG
217200,Worms Armageddon,Strategy
418340,RWBY Grimm Eclipse,Action|Adventure|Indie
289760,ROCKETSROCKETSROCKETS,Action|Casual|Indie|Sports|Strategy
238090,Sniper Elite 3,Action|Adventure
211580,Wanderlust Rebirth,Action|Adventure|Indie|RPG
241560,The Crew,Action|Massively Multiplayer|Racing
17330,Crysis Warhead,Action
360,Half-Life Deathmatch Source,Action
270050,Quest of Dungeons,Adventure|Indie|RPG
345390,King's Quest,Adventure
351640,Eternal Senia,Action|Free to Play|Indie|RPG
246090,Spacebase DF-9,Indie|Simulation|Strategy
402840,Crusaders of the Lost Idols,Casual|Free to Play|Indie
368370,Her Story,Adventure|Indie|Simulation
39500,Gothic 3,Action|RPG
4500,S.T.A.L.K.E.R. Shadow of Chernobyl,Action|RPG
1500,Darwinia,Indie|Strategy
301910,Saints Row Gat out of Hell,Action
242680,Nuclear Throne,Action|Indie|RPG
273500,Over 9000 Zombies!,Action|Indie
43000,Front Mission Evolved,Action
244050,Rise of Flight United,Free to Play|Simulation
225160,Shadow Warrior Classic Redux,Action
254440,Pool Nation,Casual|Indie|Simulation|Sports|Strategy
265210,Viscera Cleanup Detail Santa's Rampage,Gore|Indie|Simulation
388410,Darksiders II Deathinitive Edition,Action|Adventure|RPG
314160,Microsoft Flight Simulator X Steam Edition,Simulation
73220,Supreme Ruler Cold War,Strategy
274900,Murder Miners,Action|Indie
225540,Just Cause 3,Action|Adventure
313120,Stranded Deep,Adventure|Indie|Early Access
40990,Mafia,Violent|Action|Adventure
322170,Geometry Dash,Action|Indie
6980,Thief Deadly Shadows,Action
201420,Toki Tori 2+,Adventure|Casual|Indie
382300,Kidnapped,Action|Adventure|Indie
307070,Memories of a Vagabond,Adventure|Indie|RPG
284160,BeamNG.drive,Racing|Simulation|Early Access
212630,Tom Clancy's Ghost Recon Future Soldier,Action
243450,Urban Trial Freestyle,Action|Racing|Simulation|Sports
15210,Silent Hunter III,Simulation
246900,Viscera Cleanup Detail,Indie|Simulation
344850,Big Pharma,Indie|Simulation|Strategy
353560,Plug & Play,Adventure|Casual|Indie
325610,Total War ATTILA,Strategy
287920,Mortal Online,Action|Free to Play|Indie|Massively Multiplayer|RPG
206440,To the Moon,Adventure|Indie|RPG
253690,Tiny Brains,Action|Adventure|Casual|Indie
13140,America's Army 3,Action
250700,Super Time Force Ultra,Action|Indie
202690,Hegemony Gold Wars of Ancient Greece,Indie|Strategy
244160,Homeworld Remastered Collection,Simulation|Strategy
257750,Bloody Trapland,Action|Adventure|Casual|Indie
242570,Space Hulk,Indie|Strategy
342580,12 Labours of Hercules,Casual|Strategy
320540,Coffin Dodgers,Action|Casual|Indie|Racing
11590,Hospital Tycoon,Simulation
10150,Prototype,Action|Adventure
287070,Battle Academy,Strategy
207250,Cubemen,Indie|Strategy
12170,Grand Theft Auto,Action
40950,Stronghold HD,Simulation|Strategy
24840,Medal of Honor Airborne,Action
297000,Heroes of Might & Magic III - HD Edition,RPG|Strategy
312640,Power-Up,Action|Indie
9010,Return to Castle Wolfenstein,Action
266010,LYNE,Casual|Indie
212780,New Star Soccer 5,Indie|Simulation|Sports
64000,Men of War Assault Squad,Strategy
229520,Dungeon Hearts,Casual|Indie|Strategy
238210,System Shock 2,Action|RPG
230070,The Age of Decadence,Indie|RPG
245170,Skullgirls,Action|Indie
24420,Aquaria,Indie
228300,Remember Me,Action|Adventure
387860,the static speaks my name,Adventure|Free to Play|Indie|RPG
361990,Lakeview Cabin Collection,Indie
70400,Recettear An Item Shop's Tale,RPG|Indie
269250,WORLD END ECONOMiCA episode.01,Indie
223830,Xenonauts,Indie|Simulation|Strategy
334030,Epic Arena,Free to Play|Indie|Strategy
296970,Renowned Explorers International Society,Adventure|Indie|RPG|Strategy
2630,Call of Duty 2,Action
60,Ricochet,Action
259600,Finding Teddy,Adventure|Indie
286690,Metro 2033 Redux,Action
237430,Expeditions Conquistador,Indie|RPG|Strategy
361850,Portal of Evil Stolen Runes Collector's Edition,Adventure|Casual
214730,Space Rangers HD A War Apart,Action|Adventure|RPG|Simulation|Strategy
36000,Foreign Legion Buckets of Blood,Action|Indie
226960,Ironclad Tactics,Casual|Indie|Strategy
19980,Prince of Persia,Action|Adventure
262280,Dungeons 2,RPG|Simulation|Strategy
275490,Canyon Capers,Action|Casual|Indie
263620,Mitsurugi Kamui Hikae,Action|Indie
367270,Angels Fall First,Action|Simulation|Early Access
296910,8BitBoy,Action|Casual|Indie
215080,WAKFU,Adventure|Free to Play|Massively Multiplayer|RPG|Strategy
251910,Solar Flux,Indie|Strategy
307600,Chainsaw Warrior Lords of the Night,Action|Adventure|Indie|RPG|Strategy
39680,The Guild II Renaissance,Simulation|Strategy
229480,Dungeons & Dragons Chronicles of Mystara,Action|Adventure|RPG
245280,ENSLAVED Odyssey to the West Premium Edition,Action|Adventure
255320,Edna & Harvey The Breakout,Adventure|Indie
3700,Sniper Elite,Action
260410,Get Off My Lawn!,Casual|Free to Play|Indie
275200,Westerado Double Barreled,Action|Adventure|Indie
264380,Narcissu 1st & 2nd,Indie
307690,Sleeping Dogs Definitive Edition,Action|Adventure|Racing
244770,StarMade,Action|Adventure|Indie|RPG|Simulation|Strategy|Early Access
98300,Toy Soldiers,Action|Casual|Simulation|Strategy
244810,Foul Play,Action|Adventure|Casual|Indie
221020,Towns,Indie|RPG|Simulation|Strategy
233470,Evoland,Adventure|Indie|RPG
13520,Far Cry,Action
284830,Clockwork Tales Of Glass and Ink,Adventure|Casual
205650,The Testament of Sherlock Holmes,Adventure
237570,Penny Arcade's On the Rain-Slick Precipice of Darkness 4,Indie|RPG
236130,Horizon,Indie|Strategy
10270,Disciples III Reincarnation,RPG|Strategy
219780,Divinity II Developer's Cut,RPG
8000,Tomb Raider Anniversary,Action|Adventure
272470,The Incredible Adventures of Van Helsing II,Action|Adventure|Indie|RPG
337320,Paint the Town Red,Action|Indie|Early Access
214100,Rigonauts,Strategy|Indie|Casual|Simulation
304730,Train Fever,Casual|Indie|Simulation
407120,Soccer Manager 2016,Free to Play|Indie|Sports|Strategy
219990,Grim Dawn,Action|Adventure|Indie|RPG
15320,IL-2 Sturmovik 1946,Simulation
269010,Science Girls,Indie|RPG
323320,Grow Home,Adventure|Casual|Indie
228280,Baldur's Gate Enhanced Edition,RPG|Strategy
63700,BIT.TRIP BEAT,Action|Casual|Indie
94590,Puzzle Agent 2,Adventure|Casual
204560,Confrontation,Action|RPG|Strategy
6200,Ghost Master,Strategy
242860,Verdun,Action|Indie|Strategy
347430,Frankenstein Master of Death,Adventure|Casual|Indie
289090,Ampu-Tea,Adventure|Casual|Indie|RPG|Simulation
388060,The Escapists The Walking Dead,Indie|Strategy
13580,Tom Clancy's Splinter Cell Double Agent,Action
348700,Walkover,Action|Free to Play|Indie
261760,Lichdom Battlemage,Action|Indie|RPG
97000,Solar 2,Indie|Casual
252330,Slender The Arrival,Action|Adventure|Indie
264730,Deadly 30,Action|Indie
280600,BloodLust Shadowhunter,Action|Indie|RPG
20510,S.T.A.L.K.E.R. Clear Sky,Action|RPG
253250,Stonehearth,Indie|Simulation|Strategy
91100,SkyDrift,Indie|Racing
409690,Pink Heaven,Action|Free to Play|Indie
296830,Lucius II,Action|Adventure|Indie|Simulation
278490,Aveyond 3-2 Gates of Night,Adventure|Casual|Indie|RPG
301700,Numba Deluxe,Casual
314510,Fall of the New Age Premium Edition,Adventure|Casual
315430,Polarity,Action|Adventure|Indie|Strategy
71260,Space Channel 5 Part 2,Action
22100,Mount & Blade,Indie|RPG
209230,Sherlock Holmes and The Hound of The Baskervilles,Adventure|Casual
226580,F1 2014,Racing|Sports
284770,Enigmatis 2 The Mists of Ravenwood,Adventure|Casual
206060,Avernum 6,RPG|Indie
306640,Battle Academy 2 Eastern Front,Strategy
314230,Rodina,Action|Indie|Early Access
1640,Disciples II Gallean's Return,Strategy
297860,Split/Second,Action|Racing
227000,Primordia,Adventure|Indie
396790,Dracula's Legacy,Casual|Indie
332480,Phoenix Force,Action|Indie
207570,English Country Tune,Indie|Casual
248390,Craft The World,Indie|RPG|Simulation|Strategy
361800,Tree of Life,Indie|Massively Multiplayer|RPG
368990,Despair,Action|Adventure|Indie
110400,inMomentum,Indie|Racing
326190,Alchemy Mysteries Prague Legends,Adventure|Casual|Indie
335150,Magic Barrage - Bitferno,Free to Play
302590,Of Guards And Thieves,Action|Casual|Free to Play|Indie|Massively Multiplayer|Early Access
201210,Pox Nora,Free to Play|RPG|Strategy
365420,Apollo4x,Action|Adventure|Casual|Indie|RPG|Simulation|Strategy
292410,Street Racing Syndicate,Racing
244210,Assetto Corsa,Indie|Racing|Simulation|Sports
265300,Lords Of The Fallen,Action|RPG
216260,Don Bradman Cricket 14,Indie|Simulation|Sports
331440,bit Dungeon II,Action|Adventure|Indie|RPG
214550,Eets Munchies,Casual|Indie|Simulation|Strategy
209330,A Valley Without Wind,Action|Adventure|Indie
266430,Anarchy Arcade,Casual|Free to Play|Indie|Early Access
8170,Battlestations Pacific,Action|Strategy
214590,Fairy Bloom Freesia,Action|Indie
23500,Puzzle Quest Galactrix,Casual|RPG
206020,Avernum 4,RPG|Indie
321480,Sigils of Elohim,Casual|Free to Play|Indie|Strategy
244870,Electronic Super Joy,Action|Indie
44360,F1 2011,Racing|Simulation|Sports
288370,Strike Suit Zero Director's Cut,Action|Indie
373330,All Is Dust,Adventure|Free to Play
57740,Jagged Alliance - Back in Action,RPG|Simulation|Strategy
608580,Empires,Action|Adventure|Early Access
227220,Sang-Froid - Tales of Werewolves,Action|Adventure|Indie|RPG|Strategy
15520,AaAaAA!!! - A Reckless Disregard for Gravity,Action|Indie|Sports
92700,Shadow Harvest Phantom Ops,Action
58570,The Next BIG Thing,Adventure
7110,Jade Empire Special Edition,RPG
21090,F.E.A.R.,Action
314290,Obludia,Action|Indie
417890,Apotheon Arena,Action|Free to Play|Indie
335900,Angels of Fasaria Version 2.0,Adventure|Indie|RPG|Strategy
326410,Windward,Action|Adventure|Indie|RPG
244730,Divekick,Action|Indie
284750,Enigmatis The Ghosts of Maple Creek,Adventure|Casual
204530,Infested Planet,Action|Indie|Strategy
340350,Quintet,Action|Free to Play|Indie
365070,One Manga Day,Adventure|Casual|Free to Play|Indie|Simulation
236510,Takedown Red Sabre,Action|Simulation|Strategy
334230,Town of Salem,Indie|RPG|Strategy
244450,Men of War Assault Squad 2,Action|Simulation|Strategy
327890,I am Bread,Action|Adventure|Indie|Simulation
4290,RACE Caterham Expansion,Racing
13600,Prince of Persia The Sands of Time,Action|Adventure
346180,David.,Action|Indie
46520,Wasteland Angel,Action|Indie
238890,Skyward Collapse,Indie|Simulation|Strategy
237740,Angry Video Game Nerd Adventures,Action|Adventure|Indie
307170,Borealis,Action|Casual|Indie
57200,Puzzle Dimension,Casual|Indie
32900,Restaurant Empire II,Casual|Indie|Simulation|Strategy
347610,Hidden Object Bundle 4 in 1,Casual
227380,Dragon's Lair,Action|Adventure|Casual
228260,Fallen Enchantress Legendary Heroes,Indie|RPG|Strategy
325470,1953 NATO vs Warsaw Pact,Strategy|Early Access
73210,Sengoku,RPG|Simulation|Strategy
26000,The Maw,Action|Indie
380840,Teeworlds,Action|Free to Play|Indie
15370,Heroes of Might & Magic V Tribes of the East,Strategy
42920,The Kings' Crusade,Strategy
269730,The Golf Club,Simulation|Sports
301640,Zombie Army Trilogy,Action
227080,Papo & Yo,Adventure|Indie
13570,Tom Clancy's Splinter Cell Chaos Theory,Action
42890,Sword of the Stars Complete Collection,Strategy
357900,Make it indie!,Adventure|Indie|Simulation
259020,Dragon's Prophet,Action|Free to Play|Massively Multiplayer|RPG
224940,Legacy of Kain Soul Reaver 2,Action|Adventure
326670,Warhammer Quest,RPG|Strategy
220460,Cargo Commander,Action|Indie
290890,You Must Build A Boat,Action|Casual|Indie|RPG|Strategy
228320,A Valley Without Wind 2,Action|Adventure|Indie|Strategy
22610,Alien Breed Impact,Action
365770,Volume,Action|Indie
360650,12 Labours of Hercules III Girl Power,Casual|Strategy
46790,Armada 2526,Strategy
265830,Monochroma,Action|Adventure|Indie
411560,Reveal The Deep,Casual|Indie
403900,Clergy Splode,Action|Indie
12560,Ride! Carnival Tycoon,Simulation
285840,Enemy Mind,Action|Indie
262690,Little Racers STREET,Casual|Indie|Racing
257350,Baldur's Gate II Enhanced Edition,RPG|Strategy
286730,Gunship!,Action|Simulation
15240,Silent Hunter Wolves of the Pacific U-Boat Missions,Simulation
71000,Evochron Mercenary,Action|Indie|Simulation
231140,Cities XL Platinum,Simulation
58200,Jolly Rover,Adventure|Casual|Indie
212700,Party of Sin,Action|Adventure|Indie
327640,CaesarIA,Free to Play|Indie|Strategy|Early Access
313010,Cities XXL,Simulation
12180,Grand Theft Auto 2,Action
111600,Serious Sam Double D XXL,Action|Indie
208600,Lunar Flight,Indie|Simulation
371690,Pixel Space,Action|Casual|Indie|RPG
298480,Victory At Sea,Action|Simulation|Strategy
232950,Bridge Project,Simulation
80310,Gemini Rue,Adventure|Indie
363620,Tea Party Simulator 2015,Action|Indie|Simulation
11260,Pacific Storm Allies,Simulation|Strategy
48800,Ship Simulator Extremes,Simulation
225300,Tomb Raider II,Action|Adventure
15190,Brothers in Arms Road to Hill 30,Action
49810,CreaVures,Indie
200390,Oil Rush,Indie|Strategy
201070,Revelations 2012,Action|Indie|Strategy
252670,Nihilumbra,Adventure|Casual|Indie
23400,Imperium Romanum Gold Edition,Simulation|Strategy
312720,Khet 2.0,Casual|Indie|Strategy
281410,Ubersoldier II,Action
287980,Mini Metro,Indie|Simulation|Strategy
285500,Hard Truck Apocalypse / Ex Machina,Action|Racing|RPG
331920,Airline Tycoon Deluxe,Simulation
3270,Painkiller Overdose,Action
343100,Overture,Action|Adventure|Casual|Indie|RPG|Strategy
209540,Strike Suit Zero,Action|Indie|Simulation
266290,Helicopter Simulator 2014 Search and Rescue,Simulation
360640,12 Labours of Hercules II The Cretan Bull,Casual|Strategy
70620,Worms Crazy Golf,Sports|Strategy
274270,NOT A HERO,Action|Adventure|Indie
215690,Zeno Clash 2,Action|Indie
351140,Rustbucket Rumble,Action|Casual|Free to Play|Indie
236730,Anomaly 2,Action|Indie|Strategy
240760,Wasteland 2 Director's Cut,Adventure|Indie|RPG|Strategy
341720,Among Ripples,Casual|Free to Play|Indie|Simulation
360940,The Mean Greens - Plastic Warfare,Action|Indie
230820,The Night of the Rabbit,Adventure|Indie
287220,Autocraft,Casual|Indie|Simulation
351860,Cultures - Northland,Strategy
27920,Booster Trooper,Action|Indie
400660,Reverse Crawl,Indie|RPG|Strategy
21000,LEGO Batman The Videogame,Action|Adventure
224820,Super House of Dead Ninjas,Action|Indie
7610,Railroad Tycoon 3,Strategy
246580,The Typing of The Dead Overkill,Action
357600,Unium,Casual|Indie|Strategy
272040,KAMI,Casual|Indie
290300,Rebel Galaxy,Action|Adventure|Indie|RPG|Simulation
224460,Contrast,Adventure|Indie
49320,Woody Two-Legs Attack of the Zombie Pirates,Casual
308040,Back to Bed,Action|Casual|Indie
205060,BIT.TRIP CORE,Action|Indie
2840,X Beyond the Frontier,Simulation|Strategy
340460,Spartans Vs Zombies Defense,Action|Casual|Free to Play|Indie|Strategy
308000,Gold Rush! Classic,Action|Adventure
228960,Skulls of the Shogun,Indie|Strategy
337420,Final Dusk,Action|Adventure|Casual|Indie
326180,Sinister City,Adventure|Casual|Indie
268240,Mechanic Escape,Action|Adventure|Indie
222140,Puddle,Action|Indie|Simulation
206040,Avernum 5,RPG|Indie
286140,Eidolon,Adventure|Indie
267490,Batman Arkham Origins Blackgate - Deluxe Edition,Action|Adventure
342490,Shipwreck,Adventure|Indie
32310,Indiana Jones and the Last Crusade,Adventure
7000,Tomb Raider Legend,Action|Adventure
248310,Freedom Planet,Action|Indie
299250,European Ship Simulator,Simulation
347590,Heroes of Hellas 3 Athens,Casual|Strategy
239250,Castlevania Lords of Shadow 2,Action|Adventure
301120,Eastside Hockey Manager,Simulation|Sports
316480,Shadow Puppeteer,Adventure|Indie
384360,Fingered,Casual|Indie
233610,Distance,Action|Indie|Racing
322290,Gurumin A Monstrous Adventure,Action|Adventure|RPG
278360,A Story About My Uncle,Adventure|Casual|Indie
42670,Singularity,Action
105700,Tobe's Vertical Adventure,Action|Adventure|Indie
375030,Korwin The Game,Action|Indie
267600,Airport Simulator 2014,Simulation
45770,Dead Rising 2 Off the Record,Action|Adventure
208620,Midnight Mysteries Salem Witch Trials,Adventure|Casual
412670,Bullet Heaven 2,Action|Indie
278460,Skyborn,Casual|RPG
377900,Empire TV Tycoon,Casual|Indie|Simulation|Strategy
33180,Zombie Shooter 2,Action|Indie|RPG
46270,Star Wolves,RPG|Strategy
356130,Heroes of Scene,Free to Play|Indie|Massively Multiplayer|Strategy
359390,Amnesia Memories,Adventure
370360,TIS-100,Indie|Simulation
340170,FINAL FANTASY TYPE-0 HD,Action|RPG
6880,Just Cause,Action
2640,Call of Duty United Offensive,Action
70900,Star Ruler,Indie|Strategy
318430,Squishy the Suicidal Pig,Adventure|Indie
375180,Lunch Truck Tycoon,Indie|Simulation
15390,Brothers in Arms Hell's Highway,Action
267360,MURI,Action
314240,RPG Tycoon,Adventure|Indie|RPG|Simulation|Strategy
8100,Conflict Denied Ops,Action
264340,Major Mayhem,Action|Adventure|Casual|Indie
58230,MacGuffin's Curse,Adventure|Casual|Indie
269290,liteCam Game 100 FPS Game Capture,Utilities|Video Production
367710,Afterlife Empire,Casual|Indie|Strategy
211180,Unmechanical,Adventure|Casual|Indie
208750,Apotheon,Action|Adventure|Indie|RPG
32750,Comanche 4,Action|Simulation
351470,Sometimes Success Requires Sacrifice,Action|Adventure|Casual|Indie|Strategy
232010,Euro Truck Simulator,Indie|Simulation
271820,Card City Nights,Adventure|Casual|Indie
333330,Song of the Myrne What Lies Beneath,Action|Indie|RPG
480490,Prey,Action|Adventure
393380,Squad,Action|Indie|Strategy|Early Access
211440,Adventures of Shuggy,Indie
252310,Syder Arcade,Action|Indie
322930,aerofly RC 7,Indie|Simulation
288160,The Room,Adventure|Indie
45730,Dark Void Zero,Action|Adventure
208400,Avernum Escape From the Pit,Strategy|RPG|Indie
338800,Seven Kingdoms 2 HD,Indie|Simulation|Strategy
96900,Slam Bolt Scrappers,Action|Indie|Strategy
46450,Grotesque Tactics Evil Heroes,Indie|RPG|Strategy
271730,Light,Action|Adventure|Indie|Strategy
335660,CAFE 0 ~The Drowned Mermaid~,Adventure|Casual|Indie
218510,Planets Under Attack,Indie|Strategy
70120,Hacker Evolution Duality,Indie
202130,Impire,Strategy
265330,Gomo,Adventure|Indie
340310,Teddy Floppy Ear - Kayaking,Adventure|Casual|Indie
61730,Critter Crunch,Action|Indie|Casual
13500,Prince of Persia Warrior Within,Action|Adventure
291130,Akane the Kunoichi,Action|Adventure|Casual|Indie
39670,Chaser,Action
266390,Farm for your Life,Casual|Indie|Simulation|Strategy
343280,Zotrix,Action|Indie|RPG|Simulation|Strategy
265610,Epic Battle Fantasy 4,Adventure|RPG
257120,Not The Robots,Action|Indie|Strategy
27020,The Graveyard,Indie|Simulation
262550,Gunman Clive,Action|Indie
4460,City Life 2008,Simulation|Strategy
6010,Indiana Jones and the Fate of Atlantis,Adventure
314320,GamersGoMakers,Casual|Indie|Simulation|Strategy
329020,Battlegrounds of Eldhelm,Free to Play|Indie|RPG
251770,Shadow Man,Action
225360,DARK,Action|RPG
262210,Last Knight Rogue Rider Edition,Action|Adventure|Casual|Indie
341030,Colonial Conquest,Indie|Simulation|Strategy
283080,Super Chibi Knight,Action|Adventure|Indie|RPG
422630,Metaverse Construction Kit,Casual|Free to Play|Indie|Simulation
341000,Mad Games Tycoon,Casual|Indie|Simulation|Strategy
215790,Dream Pinball 3D,Casual|Simulation
341860,SickBrick,Action|Adventure|Indie
350990,Bloodwood Reload,Adventure|Free to Play|Indie
60350,Glowfish,Adventure|Casual|Indie
35000,Mini Ninjas,Action|Adventure
250500,Super Amazing Wagon Adventure,Action|Adventure|Indie
299780,Noir Syndrome,Adventure|Indie|RPG
348200,Nimble Writer,Design & Illustration|Utilities|Web Publishing
269110,Super Motherload,Adventure|Casual|Indie|RPG
303800,The Witcher Adventure Game,Adventure|Strategy
307960,IL-2 Sturmovik Battle of Stalingrad,Action|Simulation
42140,Hamilton's Great Adventure,Adventure|Casual|Indie
372210,Spooky Cats,Action|Casual|Indie
263920,Zombie Grinder,Action|Adventure|Indie|RPG|Early Access
306490,Railroad Pioneer,Simulation|Strategy
387450,Shadow of Kingdoms,Free to Play|Strategy
388340,Super Hipster Lumberjack,Indie
352720,The Universim,Indie|Simulation|Strategy|Early Access
289580,Aggression Europe Under Fire,Strategy
99910,Puzzle Pirates,Adventure|Casual|Free to Play|Massively Multiplayer|Strategy
294670,Putt-Putt Travels Through Time,Adventure|Casual
36240,Kuros,Casual
247870,Redshirt,Indie|RPG|Simulation|Strategy
267960,Hyper Fighters,Action
336380,Catmouth Island,Adventure|Casual|Indie
343090,SimpleRockets,Indie|Simulation
338530,Trouble In The Manor,Action|Casual|Indie
243220,FRACT OSC,Indie
342380,Sakura Angels,Sexual Content|Nudity|Casual|Indie
314830,Blackguards 2,Adventure|Indie|RPG|Strategy
205080,BIT.TRIP FATE,Action|Indie
7010,Project Snowblind,Action
277500,Farming World,Casual|Indie|Simulation
386510,Pyramid Raid,Action|Casual|Indie
61310,Fractal Make Blooms Not War,Indie|Casual
340440,Grand Class Melee 2,Action|Indie|RPG|Strategy
272600,Detective Grimoire,Adventure|Indie
352220,King of Dragon Pass,RPG|Strategy
205840,Yesterday,Adventure
326120,Horizon Shift,Action|Indie
276750,Fritz Chess 14,Strategy
257710,Max Gentlemen,Casual|Free to Play|Indie
203560,Containment The Zombie Puzzler,Casual|Indie
209100,Resident Evil Operation Raccoon City,Action
115210,American Conquest,Strategy
317710,Velocibox,Action|Indie
3330,Zuma Deluxe,Casual
344740,CRYPTARK,Action|Adventure|Indie|Strategy
283390,Incoming Forces,Action
293680,Cinders,Adventure|Indie|RPG
287260,Toybox Turbos,Racing
292160,UFO Aftermath,Strategy
205870,Auditorium,Indie|Casual
291070,Slip,Action|Indie
343340,Tiamat X,Action|Indie
303840,Point Perfect,Action|Casual|Indie
248530,Depth Hunter 2 Deep Dive,Action|Adventure|Casual|Indie|Simulation|Sports
